Number of calls; Different; Same; Nested
5;404.14;361.985;406.26959999999997
10;470.9946;387.0352;449.8166
15;528.5908000000001;386.0274;536.3898
